名稱1,名稱2,名稱3,名稱4,名稱5,名稱6
百樂,pilot,ジュースアップ,,,
juice up,ジュースアップ,,,,
飛龍,pentel,榐櫃,,,
排球,ハイキュー,排球,排少,,
獵人,hunter,,,,
藍色監獄,ブルーロック,,,,
鏈鋸人,チェンソーマン,,,,
銀魂,3年Z組銀八先生,,,,
咒術,呪術,咒术回战,咒迴,,
芙莉蓮,,,,,
柯南,コナン,,,,
吉伊卡哇,ちいかわ,,,,
棋魂,,,,,
海賊王,one piece,航海王,,,
版本,坂本,sakamoto,,,
內褲兔,褲褲兔,おぱんちゅ,,,
線條小狗,,,,,
我英,我的英雄,,,,
原神,,,,,
崩鐵,崩壞:星穹鐵道,,,,
崩壞,,,,,
鳴潮,,,,,
絕區,,,,,
初音,,,,,
世界計畫,プロセカ,,,,
貓福珊迪,mofusand,モフサンド,,,
自嘲熊,Joke Bear,,,,
蠟筆小新,しんちゃん,,,,
福音戰士,eva,,,,
given,ギヴン,,,,
真珠,真珠美人魚,,,,
飛天,飛天小女警,,,,
三麗鷗,sanrio,サンリオ,,,
ツイステ,扭曲,扭曲仙境,,,
龍珠,七龍珠,DRAGON BALL,,,
死神,BLEACH,,,,
HELLO! GOOD SMILE,好微笑,,,,
哈利,ハリーポッター,哈利波特,,,
ディーグレイマン,驅魔少年,驅魔,,,
幼稚園,幼稚園WARS,,,,
無頭,デュラララ,無頭騎士,,,
齊木,,,,,
Dr.STONE,新石紀,,,,
火影,naruto,,,,
家教,reborn,,,,
網王,テニス,,,,
jojo,喬喬,,,,
青驅,青の祓魔師,青之驅魔師,,,
終結,終わりのセラフ,,,,
超輝耀,かぐや,,,,
nikke,,,,,
博人傳,boruto,,,,
文豪,,,,,
迷宮飯,ダンジョン飯,,,,
刀劍亂舞,刀剣乱舞,,,,
神樂,神樂缽,,,,
防風,wind breaker,,,,
夏目,夏目友人帳,,,,
惡靈,ファントムバスターズ,,,,
魯路修,ルルージュ,反逆のルルーシュ,,,
fate,,,,,
艾莉,鄰座的艾莉同學,,,,
綠女,気になってる人が男じゃなかった,在意的對象不是男人,,,
金牌得主,メダリスト,,,,
炎炎,,,,,
鬼太郎,,,,,
忍亂,,,,,
庫洛魔法使,カードキャプターさくら,,,,
MYGO,AVE MUJICA,,,,
明日,,,,,
幽遊白書,,,,,
黑執事,,,,,
LOVE LIVE,,,,,
HOLO,,,,,
進擊,,,,,
戀上換裝娃,,,,,
暗殺教室,,,,,
地,關於地球的運動,,,,
DOREMI,小魔女DOREMI,,,,
,SPY FAMILY,,,,
犬夜叉,,,,,
小圓,まどか,,,,
薰香,,,,,
青春之箱,,,,,
死亡遊戲混飯吃,,,,,
光逝去的夏天,,,,,
渣男椎名學長,,,,,
櫻蘭,,,,,
學生會長是女僕,,,,,
迪士尼,DISNEY,ディズニー,,,
春之嵐,春の嵐とモンスター ホログラム缶バッジ A,,,,
史萊姆,,,,,
佐佐木,佐々木と宮野,宮野,,,
平野,平野と鍵浦,鍵浦,,,
背叛者的情歌,,,,,
藥屋,藥師,,,,
girls band cry,哭泣少女,ガールズバンドクライ,,,
膽大黨,dan dan dan,ダンダンダン,,,
一拳,,,,,
怪8,怪獣8号,怪獸8號,,,
ガチアクタ,gachiakuta,,,,
躍動青春,,,,,
寶可夢,ポケモン,pokemon,,,
皮克敏,,,,,
東京卍リベンジャーズ,東京,復仇者,,,
東京喰種,東京,,,,
黒子,黑子,影子,,,
